[
	{
		"id": "widget-feature-callout-1",
		"type": "widget",
		"priority": 10,
		"data": {
			"sidebar": "widget-area-front-page",
			"widget": "jobify_widget_feature_callout",
			"background": "cover",
			"background_position": "center center",
			"cover_overlay": "none",
			"cover_overlay_transparency": 0.50,
			"margin": 0,
			"text_align": "center",
			"text_color": "#ffffff",
			"background_color": "#ffffff",
			"title": "Find the career you deserve",
			"image": "http://f6ca679df901af69ace6-d3d26a34307edc4f7eeb40d85a64c4a7.r91.cf5.rackcdn.com/jobify-xml-images/extended/widget-home-feature-callout-1.jpg",
			"content": "Your job search starts and ends with us.\n\n<a href='/find-a-job/' class='button button--size-medium'>See our curated jobs</a>"
		}
	},
	{
		"id": "jobify_widget_jobs_spotlight",
		"type": "widget",
		"priority": 20,
		"data": {
			"sidebar": "widget-area-front-page",
			"widget": "jobify_widget_jobs_spotlight",
			"title": "Featured Jobs",
			"number": 3
		}
	},
	{
		"id": "jobify_resumes_spotlight",
		"type": "widget",
		"priority": 25,
		"data": {
			"sidebar": "widget-area-front-page",
			"widget": "jobify_resumes_spotlight",
			"title": "Featured Candidates",
			"number": 3
		}
	},
	{
		"id": "widget-feature-callout-2",
		"type": "widget",
		"priority": 50,
		"data": {
			"sidebar": "widget-area-front-page",
			"widget": "jobify_widget_feature_callout",
			"background": "pull",
			"background_position": "center top",
			"cover_overlay": "none",
			"cover_overlay_transparency": 0.50,
			"margin": 0,
			"text_align": "left",
			"text_color": "#647585",
			"background_color": "#f3f4f6",
			"title": "Browse Hundreds of Jobs",
			"content": "Search, find and apply for jobs directly on your mobile device or desktop. Manage all of the jobs you have applied to from a convenience secure dashboard.",
			"image": "http://f6ca679df901af69ace6-d3d26a34307edc4f7eeb40d85a64c4a7.r91.cf5.rackcdn.com/jobify-xml-images/extended/widget-home-feature-callout-2.jpg"
		}
	},
	{
		"id": "widget-feature-callout-3",
		"type": "widget",
		"priority": 60,
		"data": {
			"sidebar": "widget-area-front-page",
			"widget": "jobify_widget_feature_callout",
			"background": "pull",
			"background_position": "center center",
			"cover_overlay": "none",
			"cover_overlay_transparency": 0.50,
			"margin": 0,
			"text_align": "right",
			"text_color": "#717a8f",
			"background_color": "#ffffff",
			"title": "Find Your Match",
			"content": "Search, find and apply for jobs directly on your mobile device or desktop. Manage all of the jobs you have applied to from a convenience secure dashboard.",
			"image": "http://f6ca679df901af69ace6-d3d26a34307edc4f7eeb40d85a64c4a7.r91.cf5.rackcdn.com/jobify-xml-images/extended/large-widget-home-feature-callout-3.jpg"
		}
	},
	{
		"id": "widget-feature-callout-4",
		"type": "widget",
		"priority": 70,
		"data": {
			"sidebar": "widget-area-front-page",
			"widget": "jobify_widget_feature_callout",
			"background": "pull",
			"background_position": "center center",
			"cover_overlay": "none",
			"cover_overlay_transparency": 0.50,
			"margin": 0,
			"text_align": "left",
			"text_color": "#647585",
			"background_color": "#f3f4f6",
			"title": "Apply Directly",
			"content": "Once you have found your matches, you can easily apply to the jobs that suit you best via the convenient web form and even submit your previously uploaded resume to save time.",
			"image": "http://f6ca679df901af69ace6-d3d26a34307edc4f7eeb40d85a64c4a7.r91.cf5.rackcdn.com/jobify-xml-images/extended/large-widget-home-feature-callout-4.jpg"
		}
	},
	{
		"id": "jobify_widget_stats",
		"type": "widget",
		"priority": 80,
		"data": {
			"sidebar": "widget-area-front-page",
			"widget": "jobify_widget_stats",
			"title": "Jobify Site Stats",
			"description": "Here we list our site stats and how many people we’ve helped find a job and companies have found recruits. It's a pretty awesome stats area!"
		}
	},
	{
		"id": "widget-feature-callout-5",
		"type": "widget",
		"priority": 90,
		"data": {
			"sidebar": "widget-area-front-page",
			"widget": "jobify_widget_feature_callout",
			"background": "cover",
			"background_position": "center center",
			"cover_overlay": "full",
			"cover_overlay_transparency": 0.20,
			"margin": 0,
			"text_align": "center",
			"text_color": "#ffffff",
			"background_color": "#ffffff",
			"title": "Got a Question?",
			"content": "We're here to help. Check out our FAQs, send us an email or call us at 1 (800) 555-5555\n\n<a href='#' class='button button--size-medium'>Contact Us</a>",
			"image": "http://f6ca679df901af69ace6-d3d26a34307edc4f7eeb40d85a64c4a7.r91.cf5.rackcdn.com/jobify-xml-images/extended/widget-home-feature-callout-5.jpg"
		}
	},

	{
		"id": "jobify_widget_job_company_logo",
		"type": "widget",
		"priority": 10,
		"data": {
			"sidebar": "single-job_listing-top-1",
			"widget": "jobify_widget_job_company_logo"
		}
	},
	{
		"id": "jobify_widget_job_categories",
		"type": "widget",
		"priority": 10,
		"data": {
			"sidebar": "single-job_listing-top-2",
			"widget": "jobify_widget_job_categories"
		}
	},
	{
		"id": "jobify_widget_job_company_social",
		"type": "widget",
		"priority": 10,
		"data": {
			"sidebar": "single-job_listing-top-3",
			"widget": "jobify_widget_job_company_social",
			"title": "Company Social"
		}
	},
	{
		"id": "jobify_widget_job_apply",
		"type": "widget",
		"priority": 20,
		"data": {
			"sidebar": "single-job_listing-top-3",
			"widget": "jobify_widget_job_apply"
		}
	}
]
